x0,y0,z0,x1,y1,z1,x2,y2,z2,x3,y3,z3,x4,y4,z4,x5,y5,z5,x6,y6,z6,x7,y7,z7,x8,y8,z8,x9,y9,z9,x10,y10,z10,x11,y11,z11,x12,y12,z12,x13,y13,z13,x14,y14,z14,x15,y15,z15,x16,y16,z16,x17,y17,z17,x18,y18,z18,x19,y19,z19,x20,y20,z20,label
0.0,0.0,0.0,-0.17874870139466856,-0.09531396525926276,-0.09635049510516797,-0.3364515309655986,-0.34921853831692995,-0.1568506811150907,-0.27124264077686505,-0.6027110176889506,-0.21469576054867515,-0.10921126890723101,-0.7244789869329521,-0.26758437694374915,-0.2985640572900396,-0.9703986473681097,-0.14177207600458996,-0.33945027624239055,-1.4773372637561757,-0.2413707349656473,-0.3404533908266646,-1.756122278827974,-0.3053035998123281,-0.34843341983767007,-2.026571696408615,-0.35455747145049643,-0.14754491764233765,-0.978291498718435,-0.14552058553055067,-0.16916476967775318,-1.0966009358578621,-0.28350541802704093,-0.15380965604248795,-0.7351628742112022,-0.30523263158557656,-0.14005221071546778,-0.5668042121515139,-0.29786276826936114,-0.008971090426460833,-0.9407053542633437,-0.16058628024255378,-0.004518275800970869,-1.044079980076744,-0.2845320674624998,-0.022743290494621142,-0.7173397703536791,-0.25345866055133504,-0.03126737460851237,-0.5713380739466468,-0.20589701225266194,0.12475175196639772,-0.8656016437274743,-0.18650926940618906,0.13930720019451845,-1.0633080054480406,-0.2619440913997042,0.09297149424332385,-0.8282262219134549,-0.23221811966051162,0.06187618901036129,-0.6624654333607086,-0.19256663615401234,indicador
0.0,0.0,0.0,-0.1709582364747341,-0.07158344225487717,-0.09272544122199036,-0.34727332664978655,-0.3374824121540778,-0.15754499862136553,-0.31538591483527967,-0.6022466046841645,-0.2249663979791651,-0.1423589951521793,-0.689775220592338,-0.2899878097740556,-0.27962470185773136,-0.9641567142290671,-0.1270558508004114,-0.3150156234764742,-1.469864210048123,-0.22428557349329795,-0.32143743176986905,-1.7524430653340595,-0.27960565572059387,-0.3319867516137089,-2.020207016258682,-0.32345813327625345,-0.13113744762072324,-0.9817792070923093,-0.13752293755122658,-0.18944659466424307,-1.078047621651519,-0.28911777709741715,-0.17497315093589336,-0.7272616642042302,-0.30817837277537463,-0.14401062880637566,-0.5738803156264075,-0.29110078063053324,0.0064683568107531874,-0.9394179595161652,-0.15967042594013767,-0.03448658037835326,-0.9900776335404657,-0.29888743548525565,-0.04929718634054171,-0.6745655973845057,-0.26173655531240547,-0.03812365507248678,-0.5550981985503264,-0.2029551347698542,0.13998502076690436,-0.8589159681100359,-0.19210834735970897,0.11326051049705614,-1.0098983906198555,-0.27267393672606927,0.06826046521390935,-0.7723850001549748,-0.23747675758498005,0.05838819565182655,-0.6343407590127044,-0.19100320011383468,indicador
0.0,0.0,0.0,-0.21101103865887846,-0.04427958300504035,-0.06327907970575473,-0.4164982727526297,-0.18565672982072473,-0.14562787802915927,-0.5116783131716532,-0.32965889099681567,-0.24060462131159546,-0.38193609349860663,-0.4504683270760133,-0.33371755032031264,-0.38346076057093204,-0.916077026432935,-0.1124809265210284,-0.49169486149956865,-1.3656420898693677,-0.24042332401964048,-0.5579545152232556,-1.6414092000710494,-0.31778630342609593,-0.6082830586129035,-1.8893855493675809,-0.3739043701746991,-0.2455487463290522,-0.958269751425969,-0.146372458742217,-0.4399212929332477,-0.8870276176816786,-0.30190528336524847,-0.3875885923752271,-0.524552114246662,-0.30378022729345255,-0.29521732169176423,-0.48132327987315116,-0.2766226413083677,-0.10865448777976215,-0.9196190696988373,-0.19376372926905983,-0.2751388241359792,-0.8430094654808854,-0.32432092642678423,-0.2490827052324329,-0.5322099720212192,-0.24368653871465273,-0.17548572778335783,-0.5090351636196441,-0.16021408910883728,0.022879619921392876,-0.8163714909720651,-0.2529482411525834,-0.11398273817037932,-0.8176667369458033,-0.3186658055947514,-0.13576332178139722,-0.5825912822635422,-0.25363352743647055,-0.08730849327835377,-0.52488859852459,-0.18691466280312927,indicador
0.0,0.0,0.0,-0.24828110050926938,0.0063255204978759335,-0.06623200522669935,-0.43054123868482336,-0.06296739998546068,-0.17446127190020436,-0.5628928521353659,-0.11495842151682129,-0.296628094967933,-0.5123183086355397,-0.19604825204805568,-0.4191523670847984,-0.4552652791575283,-0.8508787735346522,-0.12769486703146635,-0.604993063816382,-1.2015446214986734,-0.26146894063537984,-0.6989605099348668,-1.4480339038238577,-0.3500272499544094,-0.7737738927090181,-1.6758298981568827,-0.4170719702380777,-0.32189352742428734,-0.9323706910726534,-0.16452796549843,-0.5710196958977509,-0.6657582692966676,-0.30634607261464053,-0.4943400016347973,-0.35149588463824283,-0.30319942126653715,-0.3918498141018554,-0.3718005048106251,-0.28261694327804393,-0.1936193724271911,-0.8913479797294516,-0.21500759634925648,-0.4231321390186294,-0.6188313556715863,-0.3242089094668619,-0.3733210966300579,-0.36714655217705366,-0.23091133665435215,-0.2819372639998025,-0.39177753128095777,-0.1524458201446737,-0.08286993315107626,-0.7642228342217305,-0.2798158458130236,-0.2756048910020861,-0.6241135278066592,-0.3427609475429551,-0.27753994853767483,-0.41823392792300346,-0.2774098170686431,-0.21112485693894287,-0.3870316225204952,-0.21486373529917877,indicador
0.0,0.0,0.0,-0.3052146512133391,0.04426227879492431,-0.03179213927544762,-0.5155353708694318,-0.025141565441023566,-0.12548261833589455,-0.6628508419279178,-0.06728467915615717,-0.23734975255249963,-0.6675410389015981,-0.0992843094355572,-0.3514496718824615,-0.5388376340629509,-0.8312682793877164,-0.1106445947665463,-0.7296411284236439,-1.14826555971706,-0.22313280085377177,-0.856474940258321,-1.3607056820275039,-0.2941396497399722,-0.9577387209320863,-1.557924402245774,-0.3529835423356043,-0.41258148477216533,-0.8947487958936328,-0.170883324727985,-0.7064060988307505,-0.553491826891896,-0.29500067934091745,-0.6221291368083434,-0.2477952556825529,-0.2821327205420219,-0.5155926263385159,-0.26812474840035216,-0.2614800076346424,-0.30503314424910594,-0.8100139089058336,-0.24101465196504882,-0.5943452671052758,-0.45558556869460404,-0.3418178349596163,-0.5246568085458314,-0.22790503832714518,-0.2495696524955413,-0.4218281242419561,-0.2665738616693125,-0.17767482414418725,-0.22130402916324557,-0.6287756415005815,-0.3217868843739237,-0.4699576417329379,-0.4266734574036524,-0.38968391195980745,-0.4498633478300481,-0.25416367935170864,-0.32989512594336845,-0.3679635568601506,-0.23622870062933654,-0.2739552556850072,indicador
0.0,0.0,0.0,-0.18677608372531415,-0.1710791913440789,0.09159332397625894,-0.42315439576279285,-0.3304009554524782,0.08424075853543923,-0.5923094597161818,-0.41894408180372306,0.057551331270422716,-0.698632679617722,-0.33293524872765456,0.022862330164796035,-0.5100713405150784,-0.9425641533644482,-0.048184033902523356,-0.7557884325450923,-1.1941817333697973,-0.13791407443241788,-0.9170219852416007,-1.3849013951748608,-0.22065368430459054,-1.0557202876167442,-1.543973479983978,-0.287826533823727,-0.4438700356094465,-0.888559512872642,-0.11593698103539628,-0.7796833705234015,-0.5649100598676169,-0.16984211724977222,-0.711714471663742,-0.3475025358294819,-0.15118430539726385,-0.6003502460646768,-0.34612276737618064,-0.15155843119806583,-0.40774540877510984,-0.6715312255608878,-0.17677475513364133,-0.7431980151665553,-0.3879559049339335,-0.23613579684286276,-0.6783259138173737,-0.20541275630575395,-0.1791313757000866,-0.5580133950368602,-0.2514357641202613,-0.14511427985509512,-0.3936257056884688,-0.4199472748410041,-0.22760889796327968,-0.7046073213771951,-0.24173940079018816,-0.2706592674682785,-0.6577411620529989,-0.08195771386402176,-0.22383240783514552,-0.5456820925125202,-0.07122295561871644,-0.1881647249655019,indicador
0.0,0.0,0.0,-0.15174732075576478,-0.4139365551816124,0.09781834183603291,-0.37671098295317995,-0.654120540583593,0.09586196054494918,-0.5830967793487309,-0.6673578054554824,0.0694616202380076,-0.7341747724818669,-0.5378701716871905,0.03085949278544336,-0.5302915551997834,-0.9968287456371581,-0.046282371675468316,-0.8486944439645985,-1.2525500631759112,-0.1283935349184921,-1.0352735430462985,-1.4137139252602737,-0.1882136364417322,-1.1960968996314065,-1.5486678211568927,-0.23515795998818823,-0.5291019279046378,-0.8392301306101808,-0.12547484912768092,-0.8640597708453618,-0.5949050375352251,-0.18383517774237543,-0.7646842209934015,-0.39986016429097343,-0.15959463928211481,-0.6462137510492492,-0.41919147802180146,-0.14977784496816596,-0.5282817549178712,-0.5541776979250214,-0.19502066331373974,-0.8600199190966789,-0.36115314000097387,-0.25042204717157035,-0.7642103951938292,-0.1976533816323633,-0.17695495127509833,-0.6414440777539373,-0.2376201334727876,-0.1281962643621427,-0.5271653434449061,-0.23630095052066305,-0.2558936154997763,-0.85061246483821,-0.17788329222960247,-0.297551633360277,-0.7961283395753255,-0.042361584265221956,-0.23565864132537337,-0.6874648953447335,-0.018118060053347606,-0.18383374977421232,indicador
0.0,0.0,0.0,-0.1608942084958941,-0.5072092087080216,0.07649577058694634,-0.40727562888134716,-0.7917067896752198,0.052229912613135636,-0.5959852433122365,-0.7712767493903193,0.0075694542356954594,-0.7510766744128291,-0.5777786168494332,-0.053892410153889084,-0.5155769517744008,-1.0922936251518212,-0.11679407285204267,-0.8675306070647871,-1.399794529084307,-0.1845770749495087,-1.0680789297805915,-1.5682328194912873,-0.21412319854052148,-1.236584033495692,-1.7026448386445137,-0.23720380038397756,-0.5684498433573308,-0.7988685663917083,-0.19665652599973094,-0.8764177473625503,-0.7894690983204744,-0.25155838665794106,-0.7728503275516939,-0.6216081469764017,-0.21646015686679737,-0.6468620526608647,-0.5913557186968745,-0.19713338519391688,-0.599394108194594,-0.42642970132133456,-0.2611271231957279,-0.889317844652191,-0.4711336263603846,-0.2979067577085245,-0.7963705526455728,-0.3548285681750682,-0.21310107275057824,-0.6740240188977696,-0.3275035885556952,-0.16087387565081884,-0.618834562988475,-0.0468735555342786,-0.3191386616534858,-0.9148568851391511,-0.22453430033102023,-0.33554209118955886,-0.8621298184527826,-0.18461875478514522,-0.25804572322783276,-0.7565600786506422,-0.13874906227453424,-0.19974075028537083,indicador
0.0,0.0,0.0,-0.05832812971550028,-0.569317073026474,0.04426143104028988,-0.2147675659317045,-0.9494689842443897,0.03250961624209514,-0.373285483826506,-1.0497497557429112,0.012691362137310334,-0.5098529555032736,-0.9580605267276815,-0.017730627731133486,-0.3420314099917959,-1.1084387996809593,-0.11197611878267662,-0.6421038656324195,-1.5260379630087135,-0.14200818749176983,-0.8207787742416508,-1.7400404731264618,-0.1458143658967783,-0.9725994690174387,-1.893674933407731,-0.15286440668353746,-0.47989927070767524,-0.8639150225529898,-0.15279896525012393,-0.6312587363192107,-1.058499935808433,-0.16014983078597161,-0.5451831643768965,-0.9445619231151622,-0.11713879603772626,-0.45653920057556824,-0.8587933341066273,-0.09811079441413356,-0.574187768273962,-0.5716584868915359,-0.17956207568832255,-0.6811867590420864,-0.7921007771315298,-0.1672865493087828,-0.6022383510017677,-0.6966917987184357,-0.09993542679984224,-0.5271450008853334,-0.6022162570132391,-0.07071245178673158,-0.6411775648711273,-0.2783633965394954,-0.2036192386044553,-0.7792201190490993,-0.5345908122492137,-0.17946678678593408,-0.7132271593008267,-0.5110526179114537,-0.11191628661498426,-0.6357053916626404,-0.43096534023884414,-0.06757815448900983,indicador
0.0,0.0,0.0,-0.055831577642726025,-0.5965753740471192,0.04383911132057726,-0.22155273152047975,-0.9559197073051261,0.0357913859016559,-0.39220169328940035,-1.0069543635203881,0.02057143858322314,-0.5277769958863903,-0.8875626998895233,-0.003961026864710547,-0.32993562914343816,-1.0986258933529511,-0.10248452105179062,-0.6187155615222167,-1.5097510706038255,-0.12819361638224006,-0.7934731438409222,-1.7164577688434248,-0.13125448741672024,-0.9414467679130485,-1.8657127309148536,-0.1381166488134683,-0.4707794492407187,-0.8714153583035386,-0.13784768219060242,-0.5939527871311083,-1.0790174818762646,-0.13466766399380295,-0.5101012512340516,-0.9577621029498685,-0.08957241960618312,-0.4277863494077672,-0.8618711713441185,-0.0711061190263973,-0.5617957371477749,-0.596385386273002,-0.1600028389616453,-0.6375780550902952,-0.8108459605437628,-0.13598882453702316,-0.5572143061146755,-0.7061524419832438,-0.07166184675914021,-0.48720664497693017,-0.6020653190597156,-0.04695509970189844,-0.6225907453893148,-0.3300988998868202,-0.18002720289727245,-0.7389207452455199,-0.5638378358505384,-0.14408497035744905,-0.6738075631777717,-0.54194093527653,-0.0792293951144606,-0.5993123854179964,-0.4633297155695433,-0.03954828785140707,indicador
0.0,0.0,0.0,-0.1585779424409956,-0.43021026626289044,0.09462071252461074,-0.37137956894298957,-0.6554457773755071,0.096128433930455,-0.5307308373493248,-0.6152891040052894,0.06969991354592459,-0.6464678390118349,-0.46732716738809404,0.029421642337090676,-0.5259566407347631,-0.9867470487250288,-0.019713722185154086,-0.8237432769573722,-1.2023612812539615,-0.0489548228602692,-0.9996408934545462,-1.3241811216598134,-0.06345830495751664,-1.1404054356240054,-1.4270784965119239,-0.07820794670210005,-0.5840686417901063,-0.8057646149779429,-0.09801636050633562,-0.7797820155311939,-0.5653707345039005,-0.11770487721601597,-0.6791944612940521,-0.3909111968386154,-0.09736658619782093,-0.5775279018361908,-0.4032918243540035,-0.09122582350038383,-0.6063564616246775,-0.5085237267209338,-0.1624998764091836,-0.7942583371961744,-0.3082333997824293,-0.1766719257394701,-0.6890633579184661,-0.16913520074737223,-0.12613870616196027,-0.58682565729238,-0.20104224025730644,-0.10082606690405568,-0.6139856777775888,-0.17943989963304866,-0.219955205813137,-0.8668227765799755,-0.16553458187573805,-0.217215330722635,-0.8605432434617081,-0.0993228354858747,-0.15357546966185548,-0.8077100088201079,-0.0946532314140161,-0.1077515396140901,indicador
0.0,0.0,0.0,-0.35513419051388717,-0.33008032233198403,0.12588657190698535,-0.7237027811340387,-0.294544928942246,0.1252166814702514,-0.935148217321361,-0.051046427016205105,0.09031359308006741,-1.0287608502291692,0.27168732367138143,0.03590600769056622,-1.0198518758065795,-0.4471428528453823,-0.06996557934910834,-1.4770738463493505,-0.2871681084306715,-0.14728764214876036,-1.7363000028216427,-0.2093990515342967,-0.1946647108166502,-1.9486921309746172,-0.14813865541928764,-0.23292578327864527,-0.9657276753436007,-0.19436516939330048,-0.1720239460137995,-1.1911139362199266,0.3416843732430616,-0.22629159685051603,-1.019015836148601,0.3979160415553656,-0.1940627949511977,-0.9032947941060113,0.25257511361898616,-0.18213331257836524,-0.8507706611397099,0.15424521866340613,-0.2565001403361205,-1.087111305321742,0.6372177571030623,-0.2979579935824081,-0.9310117335233893,0.6637754818686213,-0.21654807081905905,-0.8126684074275184,0.5035599174403845,-0.16984055106843501,-0.7201580042088471,0.5245081361534384,-0.33028146955714116,-1.0441036611233352,0.8864976957395634,-0.35220616561231743,-0.9745265829204621,0.9523176694850599,-0.27116466917233584,-0.8711544945374337,0.8847385777477291,-0.20972963463787453,indicador
0.0,0.0,0.0,-0.37037565989738136,0.023693685823912285,0.08088426926720718,-0.6858545800886688,0.3540462513982138,0.058113813067291804,-0.8370830206806835,0.7655156081932231,0.013396733973707164,-0.8442348090329037,1.1586990652457008,-0.05163624352412808,-0.9182273927369476,0.43077516475941197,-0.13008622773082884,-1.2164080790223466,1.0433696071361669,-0.21574964442837405,-1.3878414239716492,1.3857891767287835,-0.257528929032372,-1.524120857460961,1.6625640269227815,-0.2905638990987286,-0.7813202038918774,0.5832123063349922,-0.22226593245428797,-0.8493599886654511,1.38334769008835,-0.3007744409603798,-0.7129275009619259,1.3224725129285928,-0.2701508516928286,-0.649288219078222,1.1004300828147693,-0.25434360959357954,-0.5804320804184316,0.7634827840739885,-0.30035502288447,-0.6586074337964405,1.4586919289658844,-0.368888713413079,-0.5525400864216495,1.3743866377698895,-0.2943895018080214,-0.5104342505516032,1.1613029291996906,-0.24744318074005087,-0.3660443033276383,0.9359768258047875,-0.37002200411914665,-0.5293484883436022,1.5687631590459974,-0.4161086820141077,-0.4623507541528387,1.5549059257226008,-0.34803403273361605,-0.3960681793741737,1.3995438559594078,-0.2942748568207887,indicador
0.0,0.0,0.0,-0.3363338805829947,0.1054168554335563,0.04774711166554316,-0.5989716888540657,0.4928287409487141,0.009923423454235887,-0.708146345831048,0.9110185813797117,-0.04528713305629393,-0.6869795379647584,1.268551474797156,-0.11773687078684335,-0.8273328610993437,0.6558460327969893,-0.12897118756244683,-1.061753194509333,1.2200741135869393,-0.22500245797021545,-1.1938031884393094,1.5501946563473064,-0.28014643267561307,-1.2952654958860244,1.8251451272729047,-0.32500857798807287,-0.6853396757929241,0.6968364792540601,-0.21149101627458214,-0.6639442866871069,1.5895646746650534,-0.314688065616138,-0.5276387948954131,1.4806896719607798,-0.29881726296647676,-0.48958288734742067,1.230535545830328,-0.28805844375417217,-0.4795945349811436,0.7561593262072768,-0.2853504732741115,-0.48229012783335534,1.5406434771695026,-0.3779819100765709,-0.3914162216424306,1.3997141663285124,-0.30453001250168926,-0.37195331571224804,1.1504858404896536,-0.25089289252419433,-0.272770897908045,0.8074003919265038,-0.35447492079548104,-0.33915829330784714,1.44818116272139,-0.4288088689530543,-0.27477093748240644,1.3780842732304024,-0.37503503981114955,-0.23047874144482167,1.1824228040872122,-0.3258255939691135,indicador
0.0,0.0,0.0,-0.36168164244414774,0.0708075841511848,0.04929950833462848,-0.6609873364577494,0.46066388570593164,0.0038372169940117623,-0.8199757051286595,0.8769016252671844,-0.060193503776053287,-0.8381728707229391,1.246509969549566,-0.1430212426002569,-0.9376763360568828,0.5678490785041941,-0.1690094972795687,-1.2318373510424037,1.1039754958174246,-0.2922255807286625,-1.4166796375476212,1.3986381870473992,-0.37172720333743897,-1.58038202550949,1.6522418267188475,-0.4432613221926453,-0.8002774199665594,0.5381064096598476,-0.2645704877242648,-0.7838385101623655,1.6544678793186967,-0.3910945396307004,-0.6026734453762355,1.5747717214302797,-0.37232956774156156,-0.552490184268688,1.30417233304088,-0.36804542092522,-0.5799068996160214,0.5747192197669874,-0.3529248771997953,-0.5847021426798917,1.5767706080770125,-0.4729911505140683,-0.46175975511264766,1.4336986240829563,-0.3862828183481946,-0.42837895620462557,1.124721002992839,-0.32727505038311794,-0.3592236460221874,0.6170876246059519,-0.43752972539372614,-0.4239390128532775,1.4135716337665047,-0.5602457885643245,-0.3463807341641694,1.3783574362196607,-0.5257063564250638,-0.2973637074430795,1.1563772083696022,-0.48877668673322355,indicador
0.0,0.0,0.0,-0.36302794802928845,0.11055761017107864,0.058858839573787035,-0.671016077082439,0.5580000241519832,-0.006040446239609511,-0.8118907489503058,1.0511390549227337,-0.09060016391949287,-0.8085241823023002,1.4688233244524587,-0.19112535095242547,-0.9453634996493903,0.5427669632284757,-0.2247992548136314,-1.2755459619313272,1.059708030757534,-0.36578675693410045,-1.487244266460476,1.3401044028636644,-0.4505726485886883,-1.663527838771851,1.582819582001465,-0.5308861525590406,-0.8161479441641433,0.47724767916814975,-0.32578702547102373,-0.8026597501008825,1.6538100034067411,-0.45603503827224035,-0.6257493786914482,1.5540465408592188,-0.40553811313120824,-0.600166551343418,1.2864695749435782,-0.38511494806460633,-0.5759922141159988,0.5199726570632517,-0.41927112507813596,-0.5862743319590413,1.5692940645829048,-0.5279676411278558,-0.48515229927862075,1.4466257254300838,-0.4072365007505588,-0.4595083549362878,1.1693029316328587,-0.334295846554275,-0.3264482605842322,0.5923557061631367,-0.5109187989690326,-0.410866692142349,1.3343876311866498,-0.6606749714545893,-0.43568718995838907,1.5777100146609775,-0.6618589382659774,-0.461935306114631,1.6869680722547253,-0.653157172931151,indicador
0.0,0.0,0.0,-0.34938456002887175,0.13527500581676608,0.019215026012659425,-0.6321990529801115,0.61902750576171,-0.03493396837458753,-0.7952647251949376,1.0766772540353995,-0.09357637348005604,-0.8731302658647464,1.4145450893648859,-0.16647800343285132,-0.7867914229645081,0.7621010297513501,-0.23073348535675844,-0.925403438529594,1.5164663316728115,-0.3616813402945391,-1.0067822685930632,1.949169646382048,-0.4284511273313626,-1.0587160339985304,2.281312741893474,-0.4774628083631025,-0.603993461207459,0.7334788155678083,-0.31177030957401775,-0.5151489442148456,1.7576612215720775,-0.44155569464842076,-0.3948447683502709,1.5819496591318152,-0.4164443834012469,-0.3769350957909202,1.281497019428729,-0.399719136112365,-0.3583296383498399,0.711206699077735,-0.3852253324567558,-0.3019286370223163,1.5839059177230683,-0.5060633853338589,-0.22831502079439442,1.400887129117885,-0.4262178805970244,-0.23502085972160097,1.137894656503067,-0.36657861582070705,-0.1149860883691594,0.6759344360352473,-0.4542784818310604,-0.13737339119788486,1.443897877674244,-0.5573733838354462,-0.0984743494593814,1.4927385822990709,-0.5194604262502112,-0.08853989897731962,1.4050628990559484,-0.4829024991156676,indicador
0.0,0.0,0.0,-0.3146741044073059,0.1795843821739141,0.02307937743501641,-0.5396057955505994,0.6723199934705231,-0.012293599854997967,-0.6353238494325995,1.1180985251227993,-0.044225884449074944,-0.6213058773896715,1.4862280648888566,-0.09294277558101796,-0.6585293305612725,0.8047197950443734,-0.23515141585598212,-0.7811139812895531,1.5921334044006743,-0.33563636766210825,-0.845351350644704,2.033060180847803,-0.38331043018779326,-0.8842081686038681,2.4022543330120953,-0.41610495191619445,-0.46118471989809245,0.8362726046634273,-0.29657509137141824,-0.44036972520307893,1.6666455302421466,-0.37763657361584607,-0.35710130625266034,1.4990383252814619,-0.3376700650758186,-0.3339802268276312,1.2324553525001767,-0.3143724374280821,-0.2273333032560696,0.8763977500418946,-0.3452577063001343,-0.248032821074734,1.6118235545725792,-0.41574916996202743,-0.19009910804945937,1.4464882900163452,-0.32851149714243094,-0.17532036974141396,1.2044742695216892,-0.2694534191491821,0.0034240236591896915,0.9122304933239087,-0.3885723249215854,-0.0729023551665188,1.5919346767530036,-0.4403076199912147,-0.04569162955583564,1.4752608307885478,-0.3693401499029754,-0.015538353640840436,1.2489203984826163,-0.313286269026558,indicador
0.0,0.0,0.0,-0.3468002724810926,0.057554849360340006,0.05021975380811346,-0.6175743648122576,0.435389215088759,0.025991975747956374,-0.7216331961003014,0.8353243687357981,-0.00904606095771005,-0.706355916369007,1.199760196891136,-0.06067538720231209,-0.7864255587243636,0.5363110015069796,-0.16458809278506897,-1.0550983764340187,1.240743669225114,-0.23411879890486967,-1.204627502684088,1.625184692357476,-0.25580219641281104,-1.3192758489957552,1.9413114688764477,-0.2716399738676168,-0.6145835285055533,0.7549922327684169,-0.22863467573625926,-0.7385661173585213,1.3645058088974205,-0.28554124541841736,-0.6308539658858066,1.2181252802663327,-0.24266350100112802,-0.5682880642306916,0.9997199892593831,-0.21622176758625097,-0.40597989290749237,0.9608563517013008,-0.27773885480291677,-0.5511365876851149,1.4751864487358446,-0.31392069209428136,-0.461268320150157,1.335911807783806,-0.2260000097391609,-0.39950164146960454,1.143894132190553,-0.1718863408397047,-0.19085482510419752,1.1441047331260301,-0.32200562791716947,-0.3804210452039108,1.6555843313477445,-0.33769906702849456,-0.34044815433729453,1.5344797027605235,-0.259967199221066,-0.2784454965509826,1.3404552578216626,-0.2021256380880682,indicador
0.0,0.0,0.0,-0.33391335508719394,-0.4451048258961963,0.06439994755049257,-0.7191409600413592,-0.5371724604221138,0.046144120994499646,-0.9605821745908301,-0.3741656767983141,0.008383091784855093,-1.0902970803235477,-0.07043808615005623,-0.046378620046603404,-0.9527642416023473,-0.7452699424296769,-0.11886566958613437,-1.4356454786403507,-0.6272791547041601,-0.1882975321310624,-1.7051376751646854,-0.5812359996305163,-0.2100330125055334,-1.9343175495773275,-0.5458850351449582,-0.22454168552671344,-0.918120963960626,-0.34405898573496674,-0.19666547706965926,-1.2798276171831395,-0.02439393769229698,-0.2764624708999671,-1.1069207674649029,0.018825821048454112,-0.2514790839081732,-0.9410637661370939,-0.0698094726818082,-0.22418853747367587,-0.8385135450714477,0.09781694443241583,-0.25764027570353437,-1.1608766243716422,0.3278640431778338,-0.31340059002136045,-1.017240433645202,0.33180976488434627,-0.23488725956232062,-0.8631498684879111,0.24793874137171587,-0.17458753993869305,-0.7515761434712889,0.5282049833352482,-0.3128696262116598,-1.113855780651586,0.6633580710695097,-0.332461396082321,-1.0591743559869322,0.630854542812438,-0.2524703570823641,-0.9383248074540133,0.5665968952749795,-0.18551171055233606,indicador
0.0,0.0,0.0,-0.18379118768420616,-0.47609240613605686,0.08076408480952586,-0.4634340960511264,-0.8119582485177665,0.07503326986848463,-0.6812711967546355,-0.9725090025829077,0.05652402712673433,-0.8342699650355598,-1.0084889046016097,0.021085027799232416,-0.6112182721115083,-1.0467714180491117,-0.13554447213864812,-1.0070897761762312,-1.2148022066194653,-0.2168926393311603,-1.229419228299661,-1.3125713777374468,-0.2542752289765419,-1.413348692020058,-1.3844348489013019,-0.28129442612345895,-0.6059385486384073,-0.7668703716812136,-0.2115379595049023,-1.0253425539547414,-0.5478428353615711,-0.27626103348055125,-0.9019887356275745,-0.4018751733450572,-0.23806651968678408,-0.7574198610351167,-0.4144182249830518,-0.21418860540827037,-0.5906726014418833,-0.3844032885946037,-0.2718158254934379,-0.9641266785789014,-0.22405969283275703,-0.3269809947190495,-0.8543290268182692,-0.12665437012566474,-0.24177124330253275,-0.7213521511759239,-0.15477197515686084,-0.18258451760759473,-0.5747461346840729,0.023825762388785164,-0.32210297080361266,-0.9423745452309951,0.04343026940887459,-0.3586559894821799,-0.8829424477720829,0.10119521140308424,-0.28772040422887346,-0.7716375701669045,0.11358822245926886,-0.2297149710521149,indicador
0.0,0.0,0.0,-0.20254228488405165,-0.30798322522648,0.058299148028707184,-0.3902022709814555,-0.582558844885772,0.011884244370718344,-0.5635733919611726,-0.6917929490852082,-0.05763743740421646,-0.6794563867181576,-0.7484166421070213,-0.13425186544731918,-0.28030864241087666,-1.0745349900940488,-0.08291339783185694,-0.4459618073324842,-1.4748353120025552,-0.17588845476145176,-0.5399643551852084,-1.7251472097920968,-0.23680024873189776,-0.6160784451574937,-1.9484859434525772,-0.2883410413486907,-0.23108102437043937,-0.959010101861437,-0.164015806261545,-0.6242720330472029,-0.923648534362805,-0.2504022821276451,-0.5955328092131933,-0.6691089056096515,-0.22921049895746576,-0.4954515759405707,-0.6200875790496639,-0.21783354800705435,-0.23133792086553015,-0.7034434401881897,-0.24105013667254857,-0.5972807561943222,-0.6965318460027224,-0.3160412204848827,-0.5642602928156457,-0.5090991676760017,-0.2343674403060387,-0.4584703714432878,-0.45829062685576466,-0.17668270115756968,-0.2658159745839521,-0.41371065078840674,-0.31505839782006617,-0.545403426403659,-0.5235722018633661,-0.3886199072519217,-0.5914584142092453,-0.46117649534098254,-0.35520231203361946,-0.5624061582628107,-0.42800034549649746,-0.3221144444346217,indicador
0.0,0.0,0.0,-0.19816426755536606,-0.19924865756175872,-0.05395597936800348,-0.3344271402491536,-0.45661561710657494,-0.13176956378464635,-0.41675475885046287,-0.6781355275782428,-0.22319763448948043,-0.33361484120362345,-0.6930750511174888,-0.31320220955580313,-0.13490008033826495,-1.027985129446661,-0.07109878006250347,-0.14209763426946495,-1.420142538177986,-0.16559131466022797,-0.1518318987739293,-1.665298948343856,-0.22328746950442585,-0.14553570458936654,-1.8932581111341484,-0.26989083351959536,-0.023570697627636368,-0.9939510850921119,-0.1072644519752916,-0.23407513177655181,-1.0495976604255475,-0.22824303424087733,-0.2637028920999517,-0.7329130013717413,-0.2274217940619683,-0.18840849757976827,-0.6329328972966758,-0.205922254464703,0.059261130769704136,-0.8817605485156609,-0.15656842542779523,-0.1470791896534344,-0.9360338125131281,-0.26660414885994166,-0.18494494795167596,-0.6731016110471658,-0.2018004796352201,-0.11773637682255288,-0.5836778882371775,-0.13463264033593406,0.11394510251479631,-0.7150223194296699,-0.21603184203534848,-0.049842201923490224,-0.858829404899124,-0.2798990882452804,-0.11516764179770936,-0.683760377055248,-0.2308787401078919,-0.08260929352213338,-0.5598577738954171,-0.1782736987509446,indicador
0.0,0.0,0.0,-0.17849785899618545,-0.10217361627905368,-0.09412819196946916,-0.3609260671920382,-0.358322758972881,-0.15458054855587045,-0.3966010829633924,-0.6520029284928908,-0.22162878924359525,-0.2379516028203944,-0.7713223758196062,-0.28320771707629866,-0.28179657523697593,-0.9482296319570654,-0.0525872331517747,-0.311913943381954,-1.3764595250448028,-0.13059354719086808,-0.3198951140233452,-1.6090577291549517,-0.17496096987173304,-0.3170178583878636,-1.835601741522278,-0.2095194249015729,-0.15536765010076264,-0.9858742073332324,-0.06255350203815531,-0.24515616600101756,-1.11850895306865,-0.20315166202967075,-0.2371572245499743,-0.7942021778517501,-0.2308687448011512,-0.19006388660283982,-0.6231597504789381,-0.21362139511848047,-0.03421134726728558,-0.9687853813502987,-0.08872055045914529,-0.1032604051446575,-1.0548346419520798,-0.22789393722924361,-0.11513338309984723,-0.7635535317350965,-0.20980857559173927,-0.0832096236932253,-0.6153258236889496,-0.15476119922152162,0.08581385507132543,-0.9120180300501136,-0.12502718725196765,0.023513781436224155,-1.1104338510048124,-0.2047370144219088,-0.013678907637362155,-0.9248467083010063,-0.18166154596693204,-0.003990354530959872,-0.7662214610802611,-0.13972945985068033,indicador
0.0,0.0,0.0,-0.19783351041554617,-0.08715570500334752,-0.09552849516497475,-0.37487427498978826,-0.312539275727982,-0.15374867086199331,-0.3889852518662012,-0.623256714569474,-0.21932951544866655,-0.2556372369732742,-0.8266118482205943,-0.27884429602821204,-0.39860625100796304,-0.8866598349108933,-0.05699229917563589,-0.4729571147267186,-1.3261717895312188,-0.1377186013732998,-0.4899453793258616,-1.5684010357546805,-0.1840518607099974,-0.5032916705331184,-1.8035707854987852,-0.21668851997011426,-0.2628881477815048,-0.9625908384891979,-0.0656406841270904,-0.2954237254583696,-1.1512680396248296,-0.20547417265137627,-0.253492570590498,-0.8258831134659983,-0.23479647033772003,-0.22379492895961514,-0.6484065655085077,-0.21877765069180058,-0.12866152168611986,-0.9883598710580536,-0.09028627338890485,-0.14585796151349245,-1.1550484726200891,-0.2279481551174556,-0.13271280109850414,-0.8301129328932586,-0.2104568054440824,-0.11641950654366089,-0.6458819854070023,-0.1556106944338046,0.004923332002050879,-0.9713269107272954,-0.12492977707133489,-0.01934863646927959,-1.232966978785762,-0.20076896007056041,-0.038392418899553166,-1.0460831938811912,-0.1753506462843282,-0.038008618595465914,-0.8746063191582899,-0.13186421963040815,indicador
0.0,0.0,0.0,-0.20020350225847136,-0.17005087919385023,-0.06216813693126861,-0.35529525272152884,-0.532241783260192,-0.08776301184379207,-0.3197672281896302,-0.8930096103804598,-0.12697058572297693,-0.15240742639499075,-0.982249753919703,-0.16564588142595044,-0.2834117955308992,-0.9589303764176564,0.012573153740701075,-0.2962858958018145,-1.3654451436459412,-0.041285883438537195,-0.2915548121503532,-1.578358039932426,-0.07149837978621773,-0.2762787771025422,-1.7935815759636744,-0.09553319612269125,-0.1528143771272629,-0.9882463367905441,-0.004116304565630609,-0.1656817240670342,-1.2411337008588366,-0.13030049385644943,-0.159153503961132,-0.9115339977085525,-0.16167840880780573,-0.14373039636840637,-0.6973179586346442,-0.14155918793808459,-0.0320282982590334,-0.9755527005351999,-0.034753415143425795,-0.04419154789619494,-1.1705082391863155,-0.16130459942281453,-0.05521973765440691,-0.86125307116913,-0.1564109981079889,-0.045645264955792776,-0.6649780066494823,-0.10579258478754075,0.09069748738778885,-0.9287992639633459,-0.0716419818692944,0.07091447923314824,-1.1946027490296722,-0.13285795847490076,0.04696166428212852,-1.0499256356842221,-0.11286719940767063,0.05250364791762562,-0.897315859478286,-0.0746085701668443,indicador
0.0,0.0,0.0,-0.1933486261663382,-0.21359271717193126,-0.04394396458644106,-0.32025494659512593,-0.628135235987936,-0.05935997359148989,-0.2576893135601202,-0.9904224187282521,-0.09200311523357611,-0.07888755723606163,-1.0677484039864389,-0.1263972037725261,-0.17555128117480143,-1.0080925632564592,0.028895273123664446,-0.1313602975979959,-1.4229281791318522,-0.029946541426926997,-0.09323571720756939,-1.6446604186550966,-0.06527629853336496,-0.045171198452494496,-1.8507557601107354,-0.09055866932467814,-0.05079494925569366,-0.9986789445889999,0.00776136358591246,-0.0660984853690439,-1.3046405071572584,-0.11821454863306316,-0.0929431430688935,-0.9724046626563724,-0.14452505916630756,-0.07585618586536605,-0.7444178992204064,-0.11890683029140016,0.06395451044755833,-0.9670819834534281,-0.026560723775433004,0.04927351144250774,-1.217057301392079,-0.14802882403570974,0.0051397876837272405,-0.8946872712448362,-0.1249785117087216,0.015632191781192607,-0.6737237251690512,-0.061561400340949646,0.1837658426483665,-0.9023863636259978,-0.06655248244704336,0.17323395803710306,-1.1969340050710866,-0.12111736321483094,0.13053199118930486,-1.0457526593239566,-0.08704224813990485,0.13144396491200508,-0.8875305783727748,-0.03869275393775841,indicador
0.0,0.0,0.0,-0.15102121353661788,-0.3254198796280619,-0.029959423027033034,-0.18818147772731353,-0.8126374387585724,-0.04054016544327875,-0.08802959243042056,-1.1727350577632778,-0.07378137853774407,0.06891831796775716,-1.0856166606973372,-0.10573204630205058,0.07107616703396903,-1.0193403433722146,0.07356154098682569,0.17945237256582203,-1.308616051463646,0.018950539822636992,0.24518170643548098,-1.3994195648590093,-0.010151727238753506,0.34506149774771405,-1.507518085433915,-0.027833588933086673,0.16540864888986767,-0.9852030646500326,0.04488764057747117,0.15786988835206936,-1.3109142073105973,-0.07553306676298457,0.07534420878356095,-1.024776099619574,-0.0950116065376845,0.07119730476686556,-0.8139718174778634,-0.06043341475541645,0.2581977561576318,-0.9183756371994247,0.0003785243089889431,0.23946267425888665,-1.2046138499180723,-0.1285647700941065,0.15200096487081402,-0.9287366406769366,-0.11108397124469392,0.14881863669210574,-0.7113971775230398,-0.04486868454042733,0.3585935143409714,-0.8096856716275309,-0.04836050881081723,0.37520189687624955,-1.1588605275582151,-0.10909830249320003,0.30716242650473735,-1.0463792171834354,-0.08132209425186318,0.2886201000315243,-0.8754806328623744,-0.03400675240968042,indicador
0.0,0.0,0.0,-0.12618847299820837,-0.36099547557352496,-0.01722507895309259,-0.12066773292631901,-0.9008244914771774,-0.0242856966234473,-0.015592875043647371,-1.2860693373414878,-0.06202242288351731,0.14171688493886025,-1.1687034645162757,-0.09089383982244723,0.16885195353094914,-0.9951067267764715,0.12064873807981503,0.2637503361635259,-1.2774898979895584,0.044860498548077866,0.26872988599863906,-1.1590765746977658,0.006666501205589094,0.3465458461657932,-1.0909764034655782,-0.00635494780391588,0.2648677965582433,-0.9611640546796714,0.07751587152393268,0.28698883505082606,-1.3581386367478823,-0.0569453960292161,0.16437671504113102,-1.0568160559605235,-0.074375642846521,0.1463786166847863,-0.8341615476134034,-0.027951058821652743,0.35946215320739006,-0.8861973636649184,0.01164999800031518,0.3601241742837346,-1.2771620356494393,-0.13537115091572396,0.24231950261557403,-0.9776693075019947,-0.1164491407574784,0.23739572086026162,-0.7322354874407727,-0.0382899051972361,0.4621230927541696,-0.777704162353169,-0.05754627085408552,0.5196727528246954,-1.1973679577054812,-0.12327298184322036,0.4326406677278863,-1.1042832369799733,-0.09231956127654721,0.40021602674953377,-0.9290825672891251,-0.038272836060916034,indicador
0.0,0.0,0.0,-0.10877548806804219,-0.48279200739789085,0.03127087583279391,-0.07281499047009533,-0.997989751937544,0.016354926617817886,0.018936693387005345,-1.3623351158799462,-0.04886636299840526,0.1340107707436495,-1.3166331316284912,-0.11485686175898524,0.31620937221161016,-0.9990756424333699,0.13498384850796155,0.5694501312017072,-1.3828932177864723,0.08703886148976776,0.704181494270476,-1.6497007870541918,0.0649462088510161,0.8406838713751508,-1.8387941262362266,0.04333439319235704,0.3766190793261257,-0.9252420612134211,0.04566396006788306,0.34897464763590996,-1.4593399693230091,-0.10365332980762695,0.17663545895291352,-1.2503675887343502,-0.12082387853786933,0.15335520358260504,-0.9622967859874382,-0.07907958165640822,0.41974942508620977,-0.8425077854366069,-0.058748550078036955,0.3939745318347873,-1.3493314104588274,-0.20124939598251748,0.23742592499058854,-1.1417309442863772,-0.15721722983700245,0.22504368118768403,-0.8631365217612034,-0.074305799604996,0.45598094058009975,-0.7530062473654545,-0.1672907247812411,0.5050418490899995,-1.2094748079518456,-0.2451700779767651,0.38070890307799216,-1.137739493361394,-0.20520791702053565,0.3404148475130354,-0.9121937924469965,-0.1479278186167441,indicador
0.0,0.0,0.0,-0.06136227124060784,-0.6295642261388663,0.07830247223035658,-0.0229651161407609,-1.0344910813833725,0.04580577417646554,0.03026448378591452,-1.3350287784405535,-0.03139817779188843,0.07789586915910697,-1.4376591071467326,-0.11577703412254066,0.4735030309385707,-0.9976073307115385,0.025627556955591775,0.6928126955540459,-1.4972277027542191,-0.05287873943366581,0.8169980728374503,-1.7535044784481926,-0.11490922224938156,0.9525469004390106,-1.9886584780881464,-0.17034178050851903,0.5057573501613961,-0.8583244074882208,-0.08653735764233592,0.37138247740395536,-1.5226972358692443,-0.20303274679841338,0.16244915573258878,-1.3690572474354796,-0.2106136811144546,0.1501268354393997,-1.1308223673243667,-0.20092992421571323,0.4606357889239812,-0.7979309193520873,-0.2008563642892921,0.35358360369133357,-1.4842287362772073,-0.3071237225581174,0.15410350233460293,-1.3278754041562602,-0.22766839422380233,0.14163518868055355,-1.0718999275177248,-0.15583196298532012,0.3649527615688647,-0.7848407821240032,-0.31394158998045424,0.36689843852008325,-1.3750033227129879,-0.38980048001320583,0.20288661311013784,-1.294144028646706,-0.3233866056784883,0.1370529196958557,-1.0567332900695854,-0.2578922304240349,indicador
0.0,0.0,0.0,-0.06330737752485659,-0.6013257692375903,0.030622432272544783,0.02322014300440181,-0.9684951819526543,0.0006361361078672539,0.0902979479884227,-1.2143238282522852,-0.053613199885900985,0.12256406254314174,-1.3910023767980915,-0.11189192674683614,0.42987793934397234,-1.0004149952454662,-0.01848252259183318,0.5943035884836863,-1.4525947924183298,-0.09636985469659559,0.7026855608832102,-1.7305874587397696,-0.15819043639683222,0.7974355092513332,-1.9751290351799156,-0.2075502619285532,0.4398959300344897,-0.8941461817099442,-0.08363119317945113,0.25630224444864774,-1.424099670943456,-0.18728953470507517,0.09688516643868184,-1.2915918554241705,-0.20015489525475083,0.06932049098395884,-1.09144556342088,-0.19822575754416422,0.3588492739035664,-0.8236726729678836,-0.15025902039831265,0.17251741860128073,-1.338066785699682,-0.2597747794527863,0.034144823646470354,-1.1956935556685635,-0.2147540952992713,0.019055477930620422,-0.9798084440025304,-0.1644889054894701,0.22923305271043062,-0.812093427792794,-0.2154904980745662,0.12984331789653433,-1.2867565056279613,-0.2966457003492916,0.011852864179495576,-1.208934028783582,-0.25683959698291164,-0.03261906185962731,-1.0153677435668684,-0.2088317286081678,indicador
0.0,0.0,0.0,0.13121604411074567,-0.3480619857948028,0.07551253162347352,0.19494738146274646,-0.7503332690743354,0.06147754233230643,0.13714069325477962,-1.063618783991691,0.022773108261542524,0.02546927223759492,-1.2305038358267752,-0.028819488005529557,0.3481176017235827,-0.962187187100269,-0.04995847703201194,0.4470591859660778,-1.5189681311182832,-0.122432463706201,0.5157603852989979,-1.850006066997845,-0.1712348942264799,0.5711024691503739,-2.13577235453622,-0.21133674908642824,0.2936402467547082,-0.9481289201079461,-0.12176599008251007,0.10460509260418699,-1.4150171608845683,-0.1812846502098514,0.025449792546803997,-1.2286066833323548,-0.15787957234413863,0.0585511511734113,-1.0461693569155917,-0.14482398008812478,0.16490066420364355,-0.9058605319208735,-0.18637716013523428,-0.01329559475070423,-1.324160354106205,-0.24492338845200548,-0.07460044018461812,-1.153204329210177,-0.18339734971758886,-0.03486582337216206,-0.981473351397901,-0.14049830654116,0.010004656264475135,-0.8692454887785582,-0.24418102519960824,-0.0954586719919497,-1.3098679073528523,-0.2883246512289616,-0.15528277861139403,-1.1883926967378264,-0.23614268844757932,-0.15627031424018611,-1.0107644542743677,-0.19236503005110148,indicador
0.0,0.0,0.0,0.08040080853097287,-0.37756492251257434,0.11310495258420185,0.07189642303806142,-0.7496876872742391,0.12192066591622633,-0.011296407993445869,-0.9867240554160169,0.1072512185634697,-0.13516692722132861,-1.0766767372264197,0.0787206626754728,0.1361692824729732,-1.0708103926444728,-0.04634086321871853,0.12389116810004729,-1.5984448284034152,-0.12499906364919443,0.11608884426073032,-1.9177859785816809,-0.1832152309301389,0.10659065804892817,-2.1874524319775914,-0.2240708497204965,0.0799306042133974,-0.9896812688938676,-0.11892049659627779,-0.16002905425910374,-1.3567816379773392,-0.1620472055590937,-0.2173046008852277,-1.1541766742021622,-0.13146825389763453,-0.17413547877025598,-0.9982251822277798,-0.11592978401063866,-0.02980576201785501,-0.8591752345959087,-0.17909804862195186,-0.24986639736927319,-1.1993599463048412,-0.21755681270282404,-0.2834582775904414,-1.018902372845578,-0.15305540528238745,-0.21867893081972214,-0.878221459296596,-0.11024675347863105,-0.15137098216051045,-0.7297641804904468,-0.22688571503586294,-0.317779357982906,-1.1149352625567748,-0.2489514869972477,-0.35290013969591466,-0.9847416161962766,-0.18919319004073237,-0.31373925865196894,-0.8390130858466719,-0.14207144053588136,indicador
0.0,0.0,0.0,0.039500000194189325,-0.3571833248164474,0.04932405518084263,0.012592251904223405,-0.7186955271321274,0.03841094175781274,-0.08030791896120004,-0.9314363777741866,0.008082955379146215,-0.18941654145312883,-0.999290785167043,-0.029753413223709134,0.06219684502536732,-1.0486503001980976,-0.03680295794051524,0.019921322034432476,-1.5191246868189328,-0.09981990939887748,-0.0033415833671344053,-1.80403575390854,-0.13736887361975952,-0.020302276143789703,-2.0480278204525386,-0.16540277945380777,0.014065584761370953,-0.9957452982611125,-0.0910684375412728,-0.23110595365739284,-1.1924563590253217,-0.1547080813611574,-0.25138245095167716,-0.9986509684439026,-0.14297835798537148,-0.1827806359429532,-0.8894027105171529,-0.13178262826040743,-0.07753275420403098,-0.8683383471348606,-0.14100994590386892,-0.30541098107960485,-1.0666704320815086,-0.20406439641349736,-0.31635517681336645,-0.8822016395355295,-0.15442124690546302,-0.24321198781677872,-0.7828972147659025,-0.11251510887007093,-0.18282252657339945,-0.7226862362513903,-0.18685824512970275,-0.3616278490988778,-0.9905093274949094,-0.22734730727639915,-0.3790897972825821,-0.8513252015602534,-0.18182589818387654,-0.3345485998517858,-0.7164828425495826,-0.13938679586144492,indicador
0.0,0.0,0.0,0.01411162963394246,-0.39208262181990206,0.04854959636734963,-0.020558629769022875,-0.7458512592646123,0.027549067520711224,-0.11231767842922075,-0.9427577390959763,-0.01667350383043172,-0.21511210584909582,-1.009270902914393,-0.0712393337874195,0.04427619158017016,-1.0632020387042618,-0.03621044415294069,0.02622996121593998,-1.539709591261143,-0.10573412878220821,0.02017931925667928,-1.8350062346533271,-0.15051969256040634,0.022328603429430684,-2.096804006219149,-0.18675302292682522,0.010119493039422844,-0.9948294009921876,-0.10105473161683345,-0.2642110814266594,-1.2205114843880627,-0.1809749837613373,-0.3005025736262034,-1.0060171432441827,-0.180644458867207,-0.23304710020914435,-0.870197769042581,-0.17658662217586887,-0.07169224398246096,-0.8508546376794052,-0.1626072717557114,-0.33138825173747083,-1.0672687588264895,-0.2421178272595742,-0.35266501433042513,-0.8676127039722213,-0.1990566546197159,-0.2800526227118408,-0.7367925570849908,-0.15938582273518317,-0.1684449794664003,-0.6969877545388126,-0.22046210043494066,-0.3658671511179168,-0.9694963599708849,-0.28218841353413476,-0.3944522470430823,-0.829531207107685,-0.24817539483212206,-0.35109961263173073,-0.6797440429327206,-0.2113105284448356,indicador
0.0,0.0,0.0,-0.14043392892274648,-0.2848372485617945,0.07312853716103021,-0.22067782630275604,-0.5793160395616146,0.05720187432921175,-0.27762987789375565,-0.795642146793865,0.022084579941226475,-0.35714455174234855,-0.8850144617154684,-0.019511504083118084,-0.003396773078254519,-1.0840649266545537,-0.009942400072900247,0.011281748575426147,-1.4848395303323754,-0.072226174216404,0.007636505811601949,-1.7497309623743897,-0.13882374627571648,0.013601090605162845,-1.9975521333158004,-0.19755270607584297,0.06554262850159363,-0.9952759468134207,-0.07162369401078837,-0.22150022596626132,-1.1585445897973243,-0.11306708694734237,-0.2954768254850793,-0.9222864456141238,-0.104817902955574,-0.25223260147684634,-0.7595339896530585,-0.11012236711497589,0.04923724283271289,-0.8472466320622475,-0.12993085273349983,-0.2213930515420279,-1.0394164989655483,-0.17024037033612024,-0.2770384500506391,-0.82390207395438,-0.1201364090282484,-0.20554129802796364,-0.6707001715323992,-0.09184512924758306,-0.00928261747850108,-0.7015952771891673,-0.1825056082963739,-0.22557854089331433,-0.9205755918460551,-0.20999698273943654,-0.2694246914637724,-0.7624810675961622,-0.17140553677427198,-0.22131956050826784,-0.6022760820821305,-0.1432603983433856,indicador
0.0,0.0,0.0,-0.22748658907365335,-0.1933952643445989,-0.038068927682628644,-0.3526668760561499,-0.395148398991495,-0.12091352365200042,-0.43449765802347823,-0.5256061055889164,-0.21788599836424385,-0.4613236184660129,-0.6140494938908975,-0.31680045842909166,-0.17856295628362073,-1.015403964753128,-0.09519624701623988,-0.1917970259129245,-1.378883417575075,-0.19852008926018935,-0.189831223641325,-1.639365504002006,-0.2744709430697156,-0.17411986230052592,-1.8664316088997452,-0.3346737483494503,-0.06856394158603123,-0.9879013325667313,-0.13910407264729438,-0.3311967193245241,-0.9560605613732184,-0.24060544314261514,-0.34403576853790835,-0.6775829036219536,-0.2387007262170032,-0.2559510871158542,-0.607867335812157,-0.2315791491404541,-0.00990739545398153,-0.8547205536178647,-0.19321721972426972,-0.2751047059599519,-0.8298440100709329,-0.27371884877586883,-0.29164862154058135,-0.614144927634878,-0.19989127121890998,-0.21419849198836058,-0.5484256201762673,-0.14581709476592672,0.007058554270561936,-0.666512367896209,-0.2578815248570954,-0.20339521503056157,-0.7101364386713214,-0.3170788714310349,-0.24236716756662166,-0.5599848386699122,-0.26942527134874356,-0.19791364248767834,-0.46595005152107033,-0.2247878674768377,indicador
0.0,0.0,0.0,-0.34950366058828736,-0.07826006233883934,-0.017954471629766214,-0.6597207274133992,-0.08792818169146144,-0.09848821750165668,-0.839106068959129,0.09572327987400542,-0.19672353492342995,-0.8628375201995214,0.24901912517198868,-0.3000798732233633,-0.6945386303950567,-0.8331030984644211,-0.12141318810991075,-0.8952009801074865,-0.8583809634403397,-0.24660207688564434,-0.9630921833037824,-1.0295714581787796,-0.3349367904573938,-1.0231400892843652,-1.2668182222913265,-0.40462294418699996,-0.5466356839132062,-0.8148933014993966,-0.19271309307920617,-0.8277027844124162,-0.06001622270003804,-0.3293390878823139,-0.7218206313935206,0.08602347724083853,-0.3544030064505112,-0.6100952725073451,-0.02986351425051146,-0.369704724860958,-0.3919134168783558,-0.592186803763672,-0.26933891748265826,-0.6771970901394296,0.09857612334773967,-0.3998479536055344,-0.5777527100822926,0.13681110184176928,-0.3608554834879481,-0.4736124633810078,-0.015798834138037083,-0.3207909430045344,-0.25655030836871817,-0.29404511150023355,-0.349481691356636,-0.5080501669961279,0.16008550490749449,-0.44739166530451724,-0.4535805407284825,0.20277973661011392,-0.4190897323174522,-0.3738370941590306,0.10556869077520788,-0.3827326201760309,indicador
0.0,0.0,0.0,-0.467165412969069,0.05781698930208311,-0.04205875211357809,-0.8650826264820903,0.2766833184819065,-0.203652445683119,-1.0673366512823883,0.6835202733538566,-0.3599981510855696,-1.053741038283489,1.0202503944431374,-0.5212312748314014,-0.9947544708992087,-0.2993509718220574,-0.5264398878233995,-1.296244950540244,0.706844471986393,-0.7266477001348365,-1.1619504414994155,1.0408180791231827,-0.7308993800580166,-0.9704071355136316,1.0626017149729916,-0.7113559914582013,-0.7320387263922592,-0.28444763775378973,-0.6190386453512317,-1.0697636722442772,1.0511651353036244,-0.8174707345122039,-0.9021244725544897,1.1298339054643167,-0.7445427085233326,-0.767125092582654,0.8712668438123737,-0.691366017821679,-0.4498482376585366,-0.07945808892484621,-0.6995498915015959,-0.7836085285925215,1.1567478692122453,-0.8715033137655575,-0.6602190171962214,1.0976680675150683,-0.7432006957760533,-0.5475392483389079,0.7492533927723819,-0.6502521875404187,-0.19340506341712832,0.23341478709376826,-0.7757563727469605,-0.5299643362890598,1.0964799401978444,-0.937774055913749,-0.5097007614358965,1.1284905503381868,-0.893844769045012,-0.433938851658963,0.9166621914376297,-0.8427130094705894,indicador
0.0,0.0,0.0,-0.6932392436388316,0.48907501072801657,-0.13884310152687332,-0.9306490912588583,1.1156267523550694,-0.43856240348652875,-0.7688612222304045,1.757327034932676,-0.7231730323661557,-0.4352333647885208,2.190869492813158,-1.030560725379022,-0.6365216487182084,0.0625561490844728,-0.8796630226766068,-0.7223142509020662,1.588362254849078,-1.2461682059709251,-0.5353664573593451,2.218566888666427,-1.3720048611070461,-0.25146148400167767,2.3890788893067016,-1.4043942829184513,-0.14075040962594418,-0.13828107820614532,-0.9803405865311682,-0.21781369563891143,1.9111521618812684,-1.2732495651090117,-0.263968121780539,1.9435445462978562,-1.214161423135151,-0.235338986597304,1.3941568192599831,-1.1723452693765601,0.3028152822389825,-0.04072841474947205,-1.0633145476279018,0.17955016840146415,1.8860129756032802,-1.3055605704644866,0.08774792160445448,1.8491040995856325,-1.0974462590309833,0.06146813233111811,1.2372950219991006,-0.927665929289429,0.6592818630344709,0.25764147841283597,-1.1524087881250795,0.5335474177771536,1.7208425521074533,-1.3696097799796394,0.3841580514383918,1.8112894070333676,-1.2517570680667183,0.3495207529445964,1.3935191184944022,-1.126319623978969,indicador
0.0,0.0,0.0,-0.17071349837189245,0.22724255328095452,-0.2786588098582181,-0.2773223051725504,0.2840268346354332,-0.4926099861693407,-0.0708808968115077,0.30664376591590176,-0.6678215662140128,0.1376129417465553,0.1832082170897837,-0.8258574114599786,-0.32467079278496297,-0.5395672882196508,-0.4967771836316805,-0.2688478770161174,-0.9005621514279317,-0.7568684802248122,-0.1612720160760652,-1.1945837750216928,-0.8969448027730157,-0.057894307811736316,-1.4658504250970479,-0.991680839400334,-0.10960098607901901,-0.8833038377904596,-0.4558091201316096,0.039838838173869386,-0.35796779413351826,-0.7308935956591411,0.02131614865375393,0.14662778251029684,-0.7237739913901536,-0.06043595363221487,0.14461934379569608,-0.6895497083739174,0.1050281473288951,-0.950782979452804,-0.44297142902653613,0.30437554991287546,-0.4193943145940068,-0.6860882234102621,0.22401448863996476,-0.020180334086112438,-0.572645093311738,0.08673375843306017,-0.022346914595272986,-0.467765369831394,0.295190431773217,-0.8815036001435167,-0.4621700135427047,0.45783831938564395,-0.37685834346352093,-0.7029833228900852,0.3953453847133999,-0.08664653394205599,-0.7008756189123525,0.28593325861925084,-0.09430067264613219,-0.6568272035506229,indicador
0.0,0.0,0.0,-0.07788813306030704,0.24018439807742753,-0.2815362933202215,-0.12319090247135639,0.21938506275468803,-0.47656880245474204,0.05181456076693842,-0.007203365865299028,-0.6290683864086741,0.19273446467096034,-0.2954753875702028,-0.7611591177059771,-0.3454817914541793,-0.5715927553199917,-0.4759229939055136,-0.43976716326958837,-1.1401062555101078,-0.7170507684857476,-0.4287198135986319,-1.553085790452618,-0.849945258882964,-0.43412108902403396,-1.9222509756325559,-0.9335199686175241,-0.2275358642869032,-0.8837440811766945,-0.408930103377548,0.03209219751303241,-0.6784870506212065,-0.663196678481596,0.06178707946661377,-0.2372314677031409,-0.6736954611171602,-0.07521961181089129,-0.1533896560489248,-0.6537675078920292,-0.08074078869922512,-0.9922006639919428,-0.36668312623569616,0.2188943945656072,-0.7935742557064995,-0.6193244298727124,0.21616235408880496,-0.3659396217173185,-0.5558545815485464,0.07937548216000813,-0.21129885099863552,-0.4715147416824132,0.0739228203933496,-1.0080255160013825,-0.34761602804520814,0.3028175679268127,-1.046088877738335,-0.5699500958286702,0.34429205491425524,-0.7874817626212796,-0.5622645815583006,0.27603671974198357,-0.6114075348547686,-0.5109262811781637,indicador
0.0,0.0,0.0,-0.08241758927595329,0.1729672835243493,-0.28655030595608305,-0.15216142579453817,0.07953967998443372,-0.46151615872584467,-0.03073420535848307,-0.26593112249438416,-0.5898796509659054,0.0821917913658364,-0.6070992579105109,-0.6983894056308283,-0.4313531051959358,-0.5812748050137757,-0.45795282770941564,-0.5919724880367979,-1.2044668963116434,-0.6732540926880614,-0.6407421324554546,-1.645269711650135,-0.8009040229696539,-0.7019712244293628,-2.0241937589918972,-0.8856809130886285,-0.3123170440655196,-0.8648722478290406,-0.3930064362339614,-0.15926391933851386,-0.9469612808645245,-0.6124196400256224,-0.07786309669973357,-0.5406163082765031,-0.6277278848289671,-0.17745349589421633,-0.3490206971675116,-0.616183121622183,-0.16481016501096546,-1.001070640232457,-0.3508810981329879,0.015342765179947501,-1.0876144497012197,-0.5646171999408889,0.08637986936935149,-0.7202118421294179,-0.5084664905670664,-0.013315316280425026,-0.5282386617605455,-0.4372738967988394,-0.01299690066466141,-1.047068513898182,-0.3338104972609728,0.11804160386759609,-1.266965932519547,-0.504644066589403,0.19365686209086677,-1.078647433294662,-0.478681194165433,0.15917738600769063,-0.8738913194424215,-0.42527829831867453,indicador
0.0,0.0,0.0,-0.12304972313333125,0.14580634917898908,-0.2628878019816682,-0.24979775822427255,0.024325606876159086,-0.40960736204404297,-0.1654941768002543,-0.3367766120643802,-0.5152086975165012,-0.05701099977736439,-0.6768874684936603,-0.6000507755755594,-0.5157035061749116,-0.6565467527268048,-0.3728548666400174,-0.7162429511255128,-1.2382976276622595,-0.5615818871880036,-0.789253712971956,-1.6218413956816784,-0.6778017407061121,-0.8731243837668238,-1.9675512722746615,-0.7563766208977839,-0.3803965205535012,-0.8686242905848106,-0.3174749265010141,-0.29068988146950786,-0.9417016540665077,-0.5398390949289936,-0.18604654487914263,-0.5370307586639659,-0.5789497445062498,-0.2504253505564731,-0.33970164061267183,-0.5772504822317873,-0.2347201726433251,-0.9830359737458088,-0.2848068043964507,-0.1360037411902207,-1.110087238397257,-0.500486173898497,-0.04133399947913155,-0.7408586593552299,-0.46560064560770437,-0.10935155988254691,-0.5466434879522266,-0.4013187405066659,-0.08712326411654765,-1.0447071667899313,-0.27426465409122386,-0.03680572868220327,-1.3099129571700652,-0.43486279018737994,0.04773095846520377,-1.1237085536073639,-0.4124204005830554,0.03141291742765185,-0.9270547377135244,-0.35972233698863726,indicador
0.0,0.0,0.0,-0.16342911217547607,0.07863762529180168,-0.21914805545990285,-0.3088585605693893,-0.057953694069222676,-0.33114364552360864,-0.2636604760903012,-0.44254227948566666,-0.4090751556234574,-0.1637207875191464,-0.8092764285929193,-0.46247142244783135,-0.5865505733285168,-0.6559137769708516,-0.29574198926648837,-0.8149640977944904,-1.2191669347735676,-0.46801046994251405,-0.9023953075583276,-1.5471357221485365,-0.579983940275659,-0.9953317368840761,-1.8714783992101982,-0.6541272939671097,-0.447611206431,-0.8577695901762327,-0.25273610356710546,-0.3927860050124002,-0.9582984263296337,-0.4370016968310969,-0.2649980333148312,-0.5812149892175267,-0.4629503527519386,-0.27419740043025737,-0.3940704748835843,-0.4590163205342388,-0.3033264922310732,-0.970867619983594,-0.23338831848279654,-0.25146136841110245,-1.1552845427145944,-0.4164569673611848,-0.15537020785779013,-0.7900807738624154,-0.37777180872091715,-0.17683580459342702,-0.5764053970442852,-0.31487757748727985,-0.1495842965425559,-1.0394577009053634,-0.23472787792431696,-0.16191398690699615,-1.3440079481609781,-0.36498660445679093,-0.09158605791247981,-1.1824576401343743,-0.3332680168191719,-0.060429273293637904,-0.976124488363761,-0.2776905729429066,indicador
0.0,0.0,0.0,-0.16827875039795548,0.05159040008573025,-0.2099705986678728,-0.3516742027224521,-0.10515619809376328,-0.3226471121127381,-0.38364681561582276,-0.5111808366946289,-0.41370501946424365,-0.3484074344192651,-0.8817829710306737,-0.48674332549678684,-0.669713268213198,-0.5802099514820295,-0.22897266521707832,-0.9205084387780033,-1.0671093441503405,-0.35447835675805883,-1.0470572148061206,-1.3707249374201982,-0.4333820072465108,-1.1645203873468764,-1.6470364824515684,-0.4918052826726877,-0.5498354477773542,-0.8142930715808687,-0.18603164769165137,-0.5678434697063217,-0.9841315888165431,-0.35694591709749435,-0.4039308394987478,-0.7831330097893894,-0.3937507014573644,-0.3247928405611283,-0.6303381276709248,-0.3930961591838467,-0.4086730214675057,-0.9787750090157398,-0.16385529458981382,-0.4448050125947934,-1.1718097283756967,-0.33019530235299993,-0.3214726997053821,-0.9579701426371515,-0.3086073893115968,-0.2656750701317164,-0.7763507080098806,-0.25835598080666344,-0.2579397308763388,-1.0986163275334542,-0.16147617088290533,-0.3166593543332121,-1.4024929555287589,-0.27646373119052053,-0.25322576887789955,-1.273085373811843,-0.26093022873769073,-0.2122650954380513,-1.078030472663643,-0.22285259335245797,indicador
0.0,0.0,0.0,-0.20968990246881103,0.06954815824977885,-0.20285851652724737,-0.42347455324639555,-0.09226666021104561,-0.2925840045604404,-0.4820810685363365,-0.5193038634565719,-0.3621960748242633,-0.44785660536091343,-0.8853587215110774,-0.41354336619541615,-0.7501015834678663,-0.5148991154859195,-0.17115864633484387,-1.0315725176339752,-0.9512769745374027,-0.27588625284355583,-1.1763038834867985,-1.2120880422365183,-0.3448215478616926,-1.3099472089612576,-1.4487632432236373,-0.396345579706066,-0.6288426037187196,-0.7663588916691852,-0.1313431722924307,-0.7054122073878055,-0.9756787339967221,-0.28820338244642013,-0.5383715015895961,-0.8146193637532917,-0.33359371828161105,-0.4301156156295324,-0.6638681861010769,-0.3345438156307953,-0.4907773254487813,-0.9554912181749731,-0.11427273083320469,-0.5819510100608312,-1.14821215832463,-0.27131954490828414,-0.44480978729158926,-0.9785988619923219,-0.2692368226592533,-0.35701888405548104,-0.815847475430927,-0.22731439298102202,-0.3409952486568094,-1.1035121465346764,-0.11678406828073266,-0.46089911383959953,-1.4045800018084806,-0.2198128938471732,-0.3951078637019956,-1.3109926366807323,-0.20955944388040645,-0.31786695904966844,-1.1279583257235488,-0.17457491846638584,indicador
0.0,0.0,0.0,-0.24995595815069796,0.05415459561257572,-0.1482431127251438,-0.48576481613555483,-0.05969492294178837,-0.2296113118939738,-0.5579923178968601,-0.4503289352102383,-0.3107931630233242,-0.4799044471635779,-0.8210868728972466,-0.38385451210141563,-0.7064813346840807,-0.5794325315982158,-0.10716637260619757,-0.953526001683694,-1.009097024888754,-0.20598859596574845,-1.0751773225027248,-1.2812927283224185,-0.27229276886347975,-1.1933482620223568,-1.5280932132815328,-0.3225623867036315,-0.5846760045593189,-0.8048220016462801,-0.10205643222563855,-0.6964850429440732,-1.038663662699942,-0.27524198981569703,-0.5686069369609917,-0.8326739261836236,-0.3369250784277972,-0.4788658862691693,-0.6434654787389754,-0.33934142145693247,-0.4444382223973553,-0.9733972098000847,-0.11530668045455737,-0.5284774936253327,-1.180388293066304,-0.2800617403804681,-0.41995818561503906,-0.9786859122598968,-0.2899383206585047,-0.3330454099057846,-0.7849862900984966,-0.24808319661122094,-0.289676618422075,-1.105851796769635,-0.14357218295557136,-0.40916150350547076,-1.3961017992797753,-0.24839105419994215,-0.36046078390179037,-1.2719665774461955,-0.2438445592260666,-0.2815479042110425,-1.0880024617506006,-0.20950511792471718,indicador
